T,dM
0.001,7.600794993400939e-13
0.0012992992992992994,6.210087999392044e-12
0.0015985985985985985,1.0017302959353103e-11
0.001897897897897898,1.4796549402396053e-11
0.002197197197197197,2.058443693275791e-11
0.0024964964964964967,2.7419490289393167e-11
0.002795795795795796,3.534023768070327e-11
0.003095095095095095,4.438787531979571e-11
0.0033943943943943945,5.460513638477771e-11
0.0036936936936936937,6.603606203525736e-11
0.003992992992992993,7.87264455015535e-11
0.0042922922922922924,9.27269441786116e-11
0.004591591591591592,1.080852005119759e-10
0.004890890890890891,1.248540645870655e-10
0.00519019019019019,1.4308703180643256e-10
0.00548948948948949,1.6283990822429928e-10
0.005788788788788789,1.8416992930703202e-10
0.006088088088088088,2.0713577381092918e-10
0.006387387387387387,2.3179851788013295e-10
0.0066866866866866865,2.5822098972949625e-10
0.006985985985985986,2.8646816169208833e-10
0.007285285285285286,3.1660514140940954e-10
0.007584584584584585,3.4870084250626654e-10
0.007883883883883884,3.828227908286852e-10
0.008183183183183184,4.190417110527811e-10
0.008482482482482482,4.5742730783726593e-10
0.008781781781781782,4.980502607554449e-10
0.00908108108108108,5.409813708112665e-10
0.00938038038038038,5.86289797960271e-10
0.009679679679679679,6.340463744314295e-10
0.009978978978978979,6.843186330096618e-10
0.010278278278278279,7.371735791239509e-10
0.010577577577577577,7.926770455302101e-10
0.010876876876876877,8.508930192385744e-10
0.011176176176176176,9.118832459964477e-10
0.011475475475475476,9.757083405115274e-10
0.011774774774774776,1.0424259962171778e-9
0.012074074074074074,1.112093240412948e-9
0.012373373373373374,1.1847640438156226e-9
0.012672672672672672,1.2604911836522348e-9
0.012971971971971972,1.3393255879345922e-9
0.01327127127127127,1.4213171820043335e-9
0.01357057057057057,1.5065135874903213e-9
0.01386986986986987,1.594962495410357e-9
0.014169169169169169,1.6867107294205042e-9
0.014468468468468469,1.7818040203010366e-9
0.014767767767767767,1.880288102301675e-9
0.015067067067067067,1.9822092266197355e-9
0.015366366366366367,2.087613071993788e-9
0.015665665665665667,2.196548120475539e-9
0.015964964964964964,2.3090611367404534e-9
0.016264264264264264,2.4252036316674275e-9
0.016563563563563564,2.5450260961179527e-9
0.016862862862862864,2.6685833057205066e-9
0.017162162162162164,2.7959313475545144e-9
0.01746146146146146,2.927129233443182e-9
0.01776076076076076,3.0622396875179536e-9
0.01806006006006006,3.2013299858246747e-9
0.01835935935935936,3.3444690628048335e-9
0.018658658658658657,3.491732462196362e-9
0.018957957957957957,3.643198392272451e-9
0.019257257257257257,3.798952409594936e-9
0.019556556556556557,3.95908357833652e-9
0.019855855855855857,4.123687679519206e-9
0.020155155155155154,4.292866551819374e-9
0.020454454454454454,4.466729024849014e-9
0.020753753753753754,4.6453890074904525e-9
0.021053053053053054,4.828971101461521e-9
0.021352352352352354,5.017604807339149e-9
0.02165165165165165,5.211428368706583e-9
0.02195095095095095,5.4105908850465845e-9
0.02225025025025025,5.615248235141257e-9
0.02254954954954955,5.825566633255175e-9
0.02284884884884885,6.0417236838472554e-9
0.023148148148148147,6.263906528886087e-9
0.023447447447447447,6.492314474221272e-9
0.023746746746746747,6.7271590763196e-9
0.024046046046046047,6.96866471819324e-9
0.024345345345345347,7.2170687204220485e-9
0.024644644644644643,7.47262472386434e-9
0.024943943943943944,7.735599626135237e-9
0.025243243243243244,8.00627821331834e-9
0.025542542542542544,8.28496114768651e-9
0.025841841841841844,8.571969634108001e-9
0.02614114114114114,8.867644406967967e-9
0.02644044044044044,9.172344096058938e-9
0.02673973973973974,9.486455530838267e-9
0.02703903903903904,9.81038423067404e-9
0.027338338338338337,2.2783858133479384e-13
0.027637637637637637,2.4118207431200744e-13
0.027936936936936937,2.6009056020015464e-13
0.028236236236236237,2.805221333002095e-13
0.028535535535535537,3.0265026595976963e-13
0.028834834834834833,3.2659638882215347e-13
0.029134134134134133,3.525617298105743e-13
0.029433433433433433,3.8072670016653376e-13
0.029732732732732733,4.1130293615410096e-13
0.030032032032032033,4.445471768477205e-13
0.03033133133133133,4.807161613218369e-13
0.03063063063063063,5.201013231204143e-13
0.03092992992992993,5.63063484726456e-13
0.03122922922922923,6.099495908351571e-13
0.03152852852852853,6.612002612094159e-13
0.03182782782782783,7.173046878694578e-13
0.03212712712712713,7.787902267519797e-13
0.03242642642642642,8.462813783083334e-13
0.03272572572572573,9.204789708228134e-13
0.03302502502502502,1.0021636298596093e-12
0.03332432432432433,1.0922478199670849e-12
0.03362362362362362,1.1917723752308262e-12
0.03392292292292292,1.3019273159553535e-12
0.03422222222222222,1.424107359815352e-12
0.03452152152152152,1.5598668190452969e-12
0.03482082082082082,1.7110722561053393e-12
0.03512012012012012,1.8798504419770268e-12
0.035419419419419416,2.06870631735967e-12
0.03571871871871872,2.280578503821573e-12
0.036018018018018017,2.5189225705268825e-12
0.03631731731731732,2.787787362068528e-12
0.03661661661661662,3.092050920860956e-12
0.03691591591591591,3.4374725288444097e-12
0.03721521521521522,3.8309876104758445e-12
0.03751451451451451,4.280974880144228e-12
0.03781381381381382,4.797589409077929e-12
0.03811311311311311,5.393210184001518e-12
0.03841241241241241,6.08312011873835e-12
0.03871171171171171,6.88613402410887e-12
0.03901101101101101,7.825871894961978e-12
0.03931031031031031,8.931973216608213e-12
0.03960960960960961,1.0242095366264081e-11
0.039908908908908906,1.1804640598356286e-11
0.04020820820820821,1.3682270594284063e-11
0.040507507507507506,1.595724247183128e-11
0.04080680680680681,1.873908667127111e-11
0.041106106106106106,2.2175355302023192e-11
0.0414054054054054,2.6468469777052306e-11
0.041704704704704706,3.190095756999689e-11
0.042004004004004,3.8875007379868265e-11
0.042303303303303307,4.7976733696941665e-11
0.0426026026026026,6.008237310450859e-11
0.0429019019019019,7.654245640087431e-11
0.0432012012012012,9.95118154545338e-11
0.0435005005005005,1.3257491285334488e-10
0.0437997997997998,1.8199769469262606e-10
0.0440990990990991,2.594196628347145e-10
0.044398398398398396,3.8817634870347284e-10
0.0446976976976977,6.198950276703474e-10
0.044996996996996996,1.0850140820528598e-9
0.04529629629629629,2.1820083066781404e-9
0.045595595595595596,5.5510887067566905e-9
0.04589489489489489,4.8772305638600244e-11
0.046194194194194196,3.779192474726023e-7
0.04649349349349349,2.8609635109970444e-6
0.04679279279279279,5.35540633000986e-6
0.04709209209209209,7.861274216834635e-6
0.04739139139139139,1.0378595436899563e-5
0.04769069069069069,1.2907407914087426e-5
0.04798998998998999,1.5447738004072814e-5
0.048289289289289286,1.799961478761783e-5
0.04858858858858859,2.056308831484624e-5
0.048887887887887886,2.3138185247798676e-5
0.04918718718718719,2.572495350320822e-5
0.049486486486486486,2.8323429156974084e-5
0.04978578578578578,3.093364557681111e-5
0.050085085085085086,3.3555659257597514e-5
0.05038438438438438,3.618951439476881e-5
0.050683683683683686,3.8835257548663904e-5
0.05098298298298298,4.14929390905143e-5
0.05128228228228228,4.41626122359047e-5
0.05158158158158158,4.684432155575152e-5
0.05188088088088088,4.9538128511210366e-5
0.05218018018018018,5.224409802066787e-5
0.05247947947947948,5.49622756439716e-5
0.052778778778778776,5.76927285968129e-5
0.05307807807807808,6.0435512715791007e-5
0.053377377377377376,6.319069457356649e-5
0.05367667667667668,6.595834956493046e-5
0.053975975975975976,6.87385326874207e-5
0.05427527527527527,7.153132427559217e-5
0.054574574574574576,6.892878228262345e-9
0.05487387387387387,5.011216407113661e-9
0.055173173173173176,5.002787035329748e-9
0.05547247247247247,4.982858053254047e-9
0.05577177177177177,4.963494708992711e-9
0.05607107107107107,4.9446126793722955e-9
0.05637037037037037,4.926199526425479e-9
0.05666966966966967,4.908242257073425e-9
0.05696896896896897,4.890729279893868e-9
0.057268268268268266,4.87364808926527e-9
0.05756756756756757,4.8569886931804085e-9
0.057866866866866866,4.840740574010849e-9
0.05816616616616617,4.824893427499144e-9
0.058465465465465466,4.809437993691379e-9
0.05876476476476476,4.794365246821308e-9
0.059064064064064066,4.779666423065931e-9
0.05936336336336336,4.6724348608945254e-9
0.059662662662662666,4.7518144783570415e-9
0.05996196196196196,4.737736904181222e-9
0.06026126126126126,4.724458470273252e-9
0.06056056056056056,4.7115139480830015e-9
0.06085985985985986,4.698899103150467e-9
0.061159159159159156,4.686607789350372e-9
0.06145845845845846,4.674633844944931e-9
0.061757757757757756,4.775874055604201e-9
0.06205705705705706,4.651093017671304e-9
0.062356356356356356,4.640543990741541e-9
0.06265565565565566,4.629780291781627e-9
0.06295495495495496,4.619309728129406e-9
0.06325425425425425,4.609125706100947e-9
0.06355355355355355,4.599223224488469e-9
0.06385285285285286,4.589598286489083e-9
0.06415215215215216,4.58024758398512e-9
0.06445145145145145,4.571165744537975e-9
0.06475075075075075,4.562349983916469e-9
0.06505005005005005,4.553796060721704e-9
0.06534934934934936,4.545501666036733e-9
0.06564864864864865,4.537462581014062e-9
0.06594794794794795,4.5296761220364745e-9
0.06624724724724725,4.522138599347136e-9
0.06654654654654654,4.5148476372422475e-9
0.06684584584584585,4.50780056684974e-9
0.06714514514514515,4.500994170257566e-9
0.06744444444444445,4.494426246968997e-9
0.06774374374374374,4.488094028365364e-9
0.06804304304304304,4.481995562882757e-9
0.06834234234234234,4.476127980421185e-9
0.06864164164164165,4.470489953917189e-9
0.06894094094094094,4.465078406838685e-9
0.06924024024024024,4.459892027734724e-9
0.06953953953953954,4.4549283914618876e-9
0.06983883883883883,4.45018541461728e-9
0.07013813813813814,4.44566217259329e-9
0.07043743743743744,4.441356050294276e-9
0.07073673673673674,4.4372657423408235e-9
0.07103603603603603,4.433389632838014e-9
0.07133533533533533,4.429726083339525e-9
0.07163463463463464,4.426273241160683e-9
0.07193393393393394,4.423030794051264e-9
0.07223323323323323,4.419996157273287e-9
0.07253253253253253,4.417168240553049e-9
0.07283183183183183,4.414545734174324e-9
0.07313113113113114,4.412127696182266e-9
0.07343043043043043,4.409912470783317e-9
0.07372972972972973,4.407899609551458e-9
0.07402902902902903,4.406086563310541e-9
0.07432832832832832,4.404473706760836e-9
0.07462762762762763,4.40305909614469e-9
0.07492692692692693,4.401842257882593e-9
0.07522622622622623,4.400821498884433e-9
0.07552552552552552,4.3999962224053335e-9
0.07582482482482482,4.3993650727588984e-9
0.07612412412412413,4.398927937188102e-9
0.07642342342342343,4.398683201532749e-9
0.07672272272272272,4.398630087769362e-9
0.07702202202202202,4.398767519502023e-9
0.07732132132132132,4.3990950240185844e-9
0.07762062062062063,4.3996116671704555e-9
0.07791991991991992,4.40031656771811e-9
0.07821921921921922,4.4012091176409696e-9
0.07851851851851852,4.402287934364424e-9
0.07881781781781781,4.403552576401348e-9
0.07911711711711712,4.405002781808498e-9
0.07941641641641642,4.406637042243811e-9
0.07971571571571572,4.408454758360325e-9
0.08001501501501501,4.410455239738098e-9
0.08031431431431431,4.412637832386379e-9
0.08061361361361362,4.415001818997011e-9
0.08091291291291292,4.417546660938354e-9
0.08121221221221221,4.4202712002824884e-9
0.08151151151151151,4.423174837682453e-9
0.0818108108108108,4.426256974658649e-9
0.08211011011011012,4.429516612877715e-9
0.08240940940940941,4.4329533568227e-9
0.08270870870870871,4.436566614952897e-9
0.083008008008008,4.440355185104938e-9
0.0833073073073073,4.4443185806888885e-9
0.08360660660660661,4.448456102611187e-9
0.08390590590590591,4.45276677595724e-9
0.0842052052052052,4.457250093320431e-9
0.0845045045045045,4.46190529142243e-9
0.0848038038038038,4.466731878469132e-9
0.08510310310310311,4.471728390353924e-9
0.0854024024024024,4.4768944879383654e-9
0.0857017017017017,4.482229366310764e-9
0.086001001001001,4.4877323948991354e-9
0.0863003003003003,4.493402267456703e-9
0.0865995995995996,4.4992383490746746e-9
0.0868988988988989,4.505240136683242e-9
0.0871981981981982,4.511406566896914e-9
0.0874974974974975,4.5177367177101635e-9
0.08779679679679679,4.524229569105587e-9
0.0880960960960961,4.5308845581654156e-9
0.0883953953953954,4.5377005842076046e-9
0.0886946946946947,4.54467678680931e-9
0.08899399399399399,4.551811920439075e-9
0.08929329329329329,4.559105409168707e-9
0.0895925925925926,4.566555834861763e-9
0.0898918918918919,4.57416252184345e-9
0.09019119119119119,4.581924450096364e-9
0.09049049049049049,4.589840282148705e-9
0.09078978978978978,4.597908437667386e-9
0.0910890890890891,4.606129178595653e-9
0.09138838838838839,4.614500562910573e-9
0.09168768768768769,4.623021276559114e-9
0.09198698698698698,4.6316903801885134e-9
0.09228628628628628,4.64050665515553e-9
0.09258558558558559,4.649468606995888e-9
0.09288488488488489,4.658574861808595e-9
0.09318418418418419,4.667824423862377e-9
0.09348348348348348,4.677215718028316e-9
0.09378278278278278,4.686747242903244e-9
0.09408208208208209,4.696418120717083e-9
0.09438138138138139,4.706226276740555e-9
0.09468068068068068,4.71617071784447e-9
0.09497997997997998,4.726249156795925e-9
0.09527927927927927,4.7364611338931994e-9
0.09557857857857859,4.746803970723246e-9
0.09587787787787788,4.757276557063039e-9
0.09617717717717718,4.767876937011861e-9
0.09647647647647647,4.77860367768812e-9
0.09677577577577577,4.789454512675595e-9
0.09707507507507508,4.8004282996588765e-9
0.09737437437437438,4.8115227791606374e-9
0.09767367367367367,4.822735803593214e-9
0.09797297297297297,4.834065547160149e-9
0.09827227227227227,4.8455101450337046e-9
0.09857157157157158,4.857067366359491e-9
0.09887087087087088,4.868735372330624e-9
0.09917017017017017,4.880511757753003e-9
0.09946946946946947,4.892393834672604e-9
0.09976876876876876,4.904380246535667e-9
0.10006806806806806,4.916468260285356e-9
0.10036736736736737,4.928655195773901e-9
0.10066666666666667,4.9409389826088335e-9
0.10096596596596596,4.953316776711014e-9
0.10126526526526526,4.965786190233579e-9
0.10156456456456456,4.978344673133017e-9
0.10186386386386387,4.990989070814689e-9
0.10216316316316316,5.0037173458458706e-9
0.10246246246246246,5.016526367050689e-9
0.10276176176176176,5.029413449944564e-9
0.10306106106106105,5.042374830177554e-9
0.10336036036036036,5.055408446898169e-9
0.10365965965965966,5.068510377896629e-9
0.10395895895895896,5.081678186753813e-9
0.10425825825825825,5.094908101313522e-9
0.10455755755755755,5.1081975533176505e-9
0.10485685685685686,5.1215425806577786e-9
0.10515615615615616,5.134939595925758e-9
0.10545545545545545,5.148385303146985e-9
0.10575475475475475,5.161876318743319e-9
0.10605405405405405,5.175408642442425e-9
0.10635335335335336,5.18897833555465e-9
0.10665265265265265,5.202582343231954e-9
0.10695195195195195,5.216216004272356e-9
0.10725125125125125,5.229875674889195e-9
0.10755055055055054,5.243557255930897e-9
0.10784984984984985,5.257255962162755e-9
0.10814914914914915,5.270968782104812e-9
0.10844844844844845,5.284690542811665e-9
0.10874774774774774,5.298416535376438e-9
0.10904704704704704,5.3121434941821866e-9
0.10934634634634635,5.325865386728024e-9
0.10964564564564565,5.3395784556029e-9
0.10994494494494494,5.353277650159416e-9
0.11024424424424424,5.36695832394074e-9
0.11054354354354354,5.380615025144669e-9
0.11084284284284285,5.394243152850864e-9
0.11114214214214214,5.407837525873982e-9
0.11144144144144144,5.421393025912408e-9
0.11174074074074074,5.4349041829493405e-9
0.11204004004004003,5.448365697838242e-9
0.11233933933933934,5.461772324775321e-9
0.11263863863863864,5.475117969243326e-9
0.11293793793793794,5.488397156021285e-9
0.11323723723723723,5.5016044038166956e-9
0.11353653653653653,5.514733743879757e-9
0.11383583583583584,5.527779183608222e-9
0.11413513513513514,5.540734790681484e-9
0.11443443443443443,5.55359462497268e-9
0.11473373373373373,5.56635196963251e-9
0.11503303303303303,5.5790012509944475e-9
0.11533233233233234,5.591535681519211e-9
0.11563163163163163,5.603948398207048e-9
0.11593093093093093,5.616234052905483e-9
0.11623023023023023,5.628384706652528e-9
0.11652952952952952,5.640395143568372e-9
0.11682882882882883,5.652257410813238e-9
0.11712812812812813,5.663964800211446e-9
0.11742742742742743,5.6755110459418e-9
0.11772672672672672,5.686888879079255e-9
0.11802602602602602,5.698090677682538e-9
0.11832532532532533,5.709110540222384e-9
0.11862462462462463,5.719940003416635e-9
0.11892392392392392,5.730572462739336e-9
0.11922322322322322,5.741000736868979e-9
0.11952252252252252,5.751217148353138e-9
0.11982182182182183,5.761214778247231e-9
0.12012112112112112,5.770985384880023e-9
0.12042042042042042,5.7805221629313175e-9
0.12071971971971972,5.789817162597105e-9
0.12101901901901901,5.798863140539512e-9
0.12131831831831832,5.807652243665362e-9
0.12161761761761762,5.816176891666747e-9
0.12191691691691692,5.824429568420525e-9
0.12221621621621621,5.832402351878263e-9
0.12251551551551551,5.85276105835239e-9
0.12281481481481482,5.8474277008988e-9
0.12311411411411412,5.854540610986114e-9
0.12341341341341341,5.86131735941936e-9
0.12371271271271271,5.86777626314372e-9
0.12401201201201201,5.873909389268739e-9
0.12431131131131132,5.879709257233107e-9
0.12461061061061061,5.885168097644056e-9
0.12490990990990991,5.8902783609850184e-9
0.12520920920920922,5.895032752310098e-9
0.1255085085085085,5.899423652713787e-9
0.12580780780780781,5.9034438886808316e-9
0.1261071071071071,5.90708578839666e-9
0.1264064064064064,5.910342513581329e-9
0.12670570570570572,5.913206509947783e-9
0.127005005005005,5.915671208965578e-9
0.1273043043043043,5.917729235457858e-9
0.1276036036036036,5.9281060130200736e-9
0.1279029029029029,5.920578986275127e-9
0.12820220220220221,5.921393879566861e-9
0.1285015015015015,5.9217576597533905e-9
0.1288008008008008,5.921682272574252e-9
0.1291001001001001,5.921160750512605e-9
0.1293993993993994,5.920187453115067e-9
0.1296986986986987,5.918756540001374e-9
0.129997997997998,5.916862416688318e-9
0.1302972972972973,5.914499497799985e-9
0.1305965965965966,5.91166223005285e-9
0.1308958958958959,5.908345914948376e-9
0.1311951951951952,5.9045453730359465e-9
0.1314944944944945,5.900256340798937e-9
0.1317937937937938,5.883585036271094e-9
0.13209309309309308,5.890194280672861e-9
0.1323923923923924,5.872253841174291e-9
0.1326916916916917,5.878158554090823e-9
0.132990990990991,5.871340936439845e-9
0.1332902902902903,5.864035481153995e-9
0.13358958958958958,5.856215891126421e-9
0.1338888888888889,5.847879018267693e-9
0.1341881881881882,5.839022959152479e-9
0.13448748748748748,5.829645783033549e-9
0.1347867867867868,5.819745833683665e-9
0.13508608608608608,1.0579644799113552e-14
0.1353853853853854,1.0797352595348642e-14
0.1356846846846847,1.0966921815125374e-14
0.13598398398398398,1.1136491034902107e-14
0.1362832832832833,1.1305626573809846e-14
0.13658258258258257,1.1473027389241608e-14
0.13688188188188188,1.1637826119459405e-14
0.1371811811811812,1.180045644533223e-14
0.13748048048048048,1.1961352047729079e-14
0.1377797797797798,1.212354869273291e-14
0.13807907907907907,1.2277505401225852e-14
0.13837837837837838,1.24310284288498e-14
0.1386776776776777,1.258281673299777e-14
0.13897697697697697,1.2730701909324793e-14
0.13927627627627628,1.287381659609288e-14
0.13957557557557557,1.3015630240253984e-14
0.13987487487487488,1.3154841799201122e-14
0.1401741741741742,1.3288415506851337e-14
0.14047347347347347,1.3418519767549597e-14
0.14077277277277278,1.3543853538688921e-14
0.14107207207207206,1.3667018905483275e-14
0.14137137137137137,1.3784112740111709e-14
0.14167067067067068,1.3896869766050202e-14
0.14196996996996997,1.4007458387643723e-14
0.14226926926926928,1.4110674434464343e-14
0.14256856856856856,1.4209553672595021e-14
0.14286786786786787,1.4304096102035757e-14
0.14316716716716718,1.4391699637572586e-14
0.14346646646646646,1.447670108789545e-14
0.14376576576576577,1.455432996344541e-14
0.14406506506506506,1.4627188349436437e-14
0.14436436436436437,1.469440888413054e-14
0.14466366366366368,1.475642524839671e-14
0.14496296296296296,1.4810635357020985e-14
0.14526226226226227,1.48618096995623e-14
0.14556156156156155,1.490604514819971e-14
0.14586086086086086,1.494485958597469e-14
0.14616016016016015,1.497630144897677e-14
0.14645945945945946,1.5004273865026896e-14
0.14675875875875877,1.5023789504131635e-14
0.14705805805805805,1.503918517498093e-14
0.14735735735735736,1.5047858792360813e-14
0.14765665665665664,1.505024403714028e-14
0.14795595595595595,1.5045690388015842e-14
0.14825525525525526,1.5036366249332467e-14
0.14855455455455455,1.5023138982828144e-14
0.14885385385385386,1.5001238098943936e-14
0.14915315315315314,1.4973916204197302e-14
0.14945245245245245,1.4941390139022737e-14
0.14975175175175176,1.4902792541682253e-14
0.15005105105105104,1.4859207614348335e-14
0.15035035035035035,1.48095511548485e-14
0.15064964964964964,1.475425684405174e-14
0.15094894894894895,1.4694625724565036e-14
0.15124824824824826,1.4627405189870935e-14
0.15154754754754754,1.4557582569962868e-14
0.15184684684684685,1.4482122098757877e-14
0.15214614614614613,1.4401240616690458e-14
0.15244544544544544,1.431515496419511e-14
0.15274474474474475,1.422538302431331e-14
0.15304404404404404,1.4130623754438076e-14
0.15334334334334335,1.403087715456941e-14
0.15364264264264263,1.3927877948183287e-14
0.15394194194194194,1.3819674571369234e-14
0.15424124124124125,1.3708652268906718e-14
0.15454054054054053,1.3593943679057752e-14
0.15483983983983984,1.3474464599649849e-14
0.15513913913913913,1.3352166594593484e-14
0.15543843843843844,1.3225531780847177e-14
0.15573773773773775,1.30967285627559e-14
0.15603703703703703,1.2964672738147165e-14
0.15633633633633634,1.2830882190062454e-14
0.15663563563563562,1.2692321152418806e-14
0.15693493493493493,1.2552675912602673e-14
0.15723423423423424,1.2410428587572575e-14
0.15753353353353353,1.226492865602502e-14
0.15783283283283284,1.2118778203173974e-14
0.15813213213213212,1.1969375143805472e-14
0.15843143143143143,1.181997208443697e-14
0.15873073073073074,1.1668617461157993e-14
0.15903003003003002,1.1515311273968543e-14
0.15932932932932933,1.1359836682434121e-14
0.15962862862862862,1.1204578931334197e-14
0.15992792792792793,1.1047152775889302e-14
0.16022722722722724,1.0889943460878904e-14
0.16052652652652652,1.0732734145868505e-14
0.16082582582582583,1.0572705905209645e-14
0.1611251251251251,1.0414412388026761e-14
0.16142442442442442,1.0253950466498907e-14
0.16172372372372373,1.0095440108881526e-14
0.16202302302302302,9.935411868222666e-15
0.16232232232232233,9.776250989301793e-15
0.1626216216216216,9.615789067773939e-15
0.16292092092092092,9.457061869722061e-15
0.16322022022022023,9.298985192973674e-15
0.1635195195195195,9.139390633183808e-15
0.16381881881881882,8.982614999042404e-15
0.1641181181181181,8.825405684032006e-15
0.16441741741741742,8.669280571194093e-15
0.16471671671671673,8.51467334139766e-15
0.165016016016016,8.360933473339216e-15
0.16531531531531532,8.20654308397728e-15
0.1656146146146146,8.054321098960315e-15
0.1659139139139139,7.904701199157316e-15
0.16621321321321322,7.754647618485322e-15
0.1665125125125125,7.606545601723802e-15
0.16681181181181182,7.45931094670027e-15
0.1671111111111111,7.31424469602171e-15
0.1674104104104104,7.170045807081138e-15
0.16770970970970972,7.028015322485537e-15
0.168009009009009,6.887069040062421e-15
0.1683083083083083,6.747423800246288e-15
0.1686076076076076,6.6103806456441205e-15
0.1689069069069069,6.4750722145179296e-15
0.16920620620620622,6.340197464260733e-15
0.1695055055055055,6.2083584800864955e-15
0.1698048048048048,6.077820538519241e-15
0.1701041041041041,5.949017320427963e-15
0.1704034034034034,5.82281618755065e-15
0.1707027027027027,5.697265575976829e-15
0.171002002002002,5.5743170496169725e-15
0.1713013013013013,5.452886406298596e-15
0.1716006006006006,5.332973646021699e-15
0.1718998998998999,5.215662970958768e-15
0.1721991991991992,5.100520700240807e-15
0.1724984984984985,4.986462631695332e-15
0.1727977977977978,4.875223488798319e-15
0.17309709709709709,4.765285388508289e-15
0.1733963963963964,4.6566483308252415e-15
0.1736956956956957,4.550613358356159e-15
0.173994994994995,4.447180471101042e-15
0.1742942942942943,4.344398105149416e-15
0.17459359359359358,4.24465150528075e-15
0.1748928928928929,4.145338586281078e-15
0.1751921921921922,4.049278273798862e-15
0.17549149149149149,3.9538684826201376e-15
0.1757907907907908,3.86171129795887e-15
0.17609009009009008,3.769770953732099e-15
0.1763893893893894,3.680432694719293e-15
0.1766886886886887,3.59239547831347e-15
0.17698798798798798,3.5071771875561097e-15
0.1772872872872873,3.4228262585367375e-15
0.17758658658658658,3.3408605742968334e-15
0.17788588588588589,3.2597622517949176e-15
0.1781851851851852,3.180615493203476e-15
0.17848448448448448,3.103420298522508e-15
0.1787837837837838,3.0277429868830197e-15
0.17908308308308307,2.953366717850514e-15
0.17938238238238238,2.8807251722939853e-15
0.1796816816816817,2.8098183502134333e-15
0.17998098098098098,2.740646251608858e-15
0.1802802802802803,2.673425716914757e-15
0.18057957957957957,2.606855703524147e-15
0.18087887887887888,2.542454094478508e-15
0.1811781781781782,2.478052485432869e-15
0.18147747747747747,2.4163613818184437e-15
0.18177677677677678,2.35532079950751e-15
0.18207607607607607,2.2963402013242984e-15
0.18237537537537538,2.2392027468343123e-15
0.1826746746746747,2.1824989732133204e-15
0.18297397397397397,2.127855183720051e-15
0.18327327327327328,2.07331981444403e-15
0.18357257257257256,2.020519168643986e-15
0.18387187187187187,1.969127985668173e-15
0.18417117117117118,1.9188210048648457e-15
0.18447047047047047,1.870248747537495e-15
0.18476976976976978,1.8221101710791388e-15
0.18506906906906906,1.7753810574450135e-15
0.18536836836836837,1.7294108853316281e-15
0.18566766766766768,1.6857175377804623e-15
0.18596696696696696,1.642132610446545e-15
0.18626626626626627,1.6002824065886045e-15
0.18656556556556556,1.5587574633824097e-15
0.18686486486486487,1.5187504032176946e-15
0.18716416416416418,1.4791770239219737e-15
0.18746346346346346,1.441229947884981e-15
0.18776276276276277,1.4027407707617456e-15
0.18806206206206205,1.3667452586352269e-15
0.18836136136136136,1.3312918475949509e-15
0.18866066066066067,1.2965973780754148e-15
0.18895995995995996,1.2628786905111156e-15
0.18925925925925927,1.2300273646848048e-15
0.18955855855855855,1.1975012995102396e-15
0.18985785785785786,1.1659510162909115e-15
0.19015715715715717,8.278967789099312e-16
0.19045645645645645,1.1058862159352145e-15
0.19075575575575576,1.0771548583643487e-15
0.19105505505505505,1.049074022096974e-15
0.19135435435435436,1.021860547567588e-15
0.19165365365365367,9.954060145589416e-16
0.19195295295295295,9.685178006813011e-16
0.19225225225225226,9.430390496278918e-16
0.19255155155155154,9.17885559226228e-16
0.19285085085085085,8.937078507798013e-16
0.19315015015015016,8.702890838541144e-16
0.19344944944944945,8.476292584491674e-16
0.19374874874874876,8.249694330442203e-16
0.19404804804804804,8.031769693772617e-16
0.19434734734734735,7.816013461448001e-16
0.19464664664664666,7.607846644330785e-16
0.19494594594594594,7.413774455455879e-16
0.19524524524524525,7.22078646875346e-16
0.19554454454454454,7.02779848205104e-16
0.19584384384384385,6.839147304038562e-16
0.19614314314314316,6.657001339060997e-16
0.19644244244244244,6.482444789290831e-16
0.19674174174174175,6.313309250383092e-16
0.19704104104104103,6.144173711475354e-16
0.19734034034034034,5.978290779085071e-16
0.19763963963963965,5.825418272764615e-16
0.19793893893893894,5.667124755581732e-16
0.19823823823823825,5.516420653606247e-16
0.19853753753753753,5.371137562493189e-16
0.19883683683683684,5.228022875725102e-16
0.19913613613613615,5.085992391129501e-16
0.19943543543543543,4.954803928258755e-16
0.19973473473473474,4.822531263215524e-16
0.20003403403403403,4.693511204689749e-16
0.20033333333333334,4.565575348336459e-16
0.20063263263263265,4.447397311535539e-16
0.20093193193193193,4.324882466044677e-16
0.20123123123123124,2.514915359297376e-15
0.20153053053053052,4.1015368185126633e-16
0.20182982982982983,3.990948196919142e-16
0.20212912912912914,3.883612181843077e-16
0.20242842842842843,3.7773603689394974e-16
0.20272772772772774,3.677613769070831e-16
0.20302702702702702,3.5822039778921066e-16
0.20332632632632633,3.4867941867133823e-16
0.20362562562562564,3.3924685977071434e-16
0.20392492492492492,3.301395615218361e-16
0.20422422422422423,3.213575239247035e-16
0.20452352352352351,3.1322600763106223e-16
0.20482282282282283,3.04118709382184e-16
0.20512212212212214,2.9609561330579126e-16
0.20542142142142142,2.8893987896738693e-16
0.20572072072072073,2.80483102022e-16
0.20602002002002,2.732189474663471e-16
0.20631931931931932,2.656295322589486e-16
0.20661861861861863,2.5890747878953846e-16
0.20691791791791792,2.5218542532012833e-16
0.20721721721721723,2.4448758989548125e-16
0.2075165165165165,2.387413183813081e-16
0.20781581581581582,2.323445255636436e-16
0.2081151151151151,2.25730892311482e-16
0.2084144144144144,2.1998462079730885e-16
0.20871371371371372,2.1391308863139002e-16
0.209013013013013,2.089257586379567e-16
0.20931231231231232,2.0296264668928643e-16
0.2096116116116116,1.9743321560961036e-16
0.2099109109109109,1.9168694409543718e-16
0.21021021021021022,1.8669961410200386e-16
0.2105095095095095,1.820375447603162e-16
0.2108088088088088,1.7715863498413142e-16
0.2111081081081081,1.71954464556201e-16
0.2114074074074074,1.6750923564901044e-16
0.21170670670670672,1.6295558652457132e-16
0.212006006006006,1.5916087892087205e-16
0.2123053053053053,1.5460722979643293e-16
0.2126046046046046,1.5059568175823657e-16
0.2129039039039039,1.463672932855431e-16
0.2132032032032032,1.4235574524734673e-16
0.2135025025025025,1.3888629829539312e-16
0.2138018018018018,1.3465790982269965e-16
0.2141011011011011,1.3097162243624894e-16
0.2144004004004004,1.2815269678778662e-16
0.2146996996996997,1.244664094013359e-16
0.214998998998999,1.2088854223213374e-16
0.2152982982982983,1.1785277614917433e-16
0.21559759759759758,1.1427490897997217e-16
0.2158968968968969,1.1167282376600696e-16
0.2161961961961962,1.08528637465799e-16
0.2164954954954955,1.0560129160008813e-16
0.2167947947947948,1.0245710529988017e-16
0.21709409409409408,1.0001765041178778e-16
0.2173933933933934,9.69276742202041e-17
0.2176926926926927,9.465084965798454e-17
0.21799199199199198,9.221139476989215e-17
0.2182912912912913,8.955509944730267e-17
0.21859059059059058,8.727827488508311e-17
0.2188898898898899,8.500145032286355e-17
0.2191891891891892,8.267041565201971e-17
0.21948848848848848,7.990570011218168e-17
0.2197877877877878,7.784571598445922e-17
0.22008708708708707,7.567731163948821e-17
0.22038638638638638,7.426784881525705e-17
0.2206856856856857,7.182839392716467e-17
0.22098498498498498,6.987683001669076e-17
0.2212842842842843,6.797947621484113e-17
0.22158358358358357,6.65158032819857e-17
0.22188288288288288,6.423897871976614e-17
0.2221821821821822,4.901099184156411e-10
0.22248148148148147,4.85649076617696e-10
0.22278078078078078,4.815727525954439e-10
0.22308008008008007,4.775370526528128e-10
0.22337937937937938,4.735413394957658e-10
0.2236786786786787,4.695851757029364e-10
0.22397797797797797,4.656681311713227e-10
0.22427727727727728,4.617897344356102e-10
0.22457657657657656,4.579495365276791e-10
0.22487587587587587,4.54147120029693e-10
0.22517517517517519,4.5038203965981974e-10
0.22547447447447447,4.466538878664626e-10
0.22577377377377378,4.429622054357915e-10
0.22607307307307306,4.3930664629047295e-10
0.22637237237237237,4.356867367967879e-10
0.22667167167167168,4.321021281668974e-10
0.22697097097097096,4.285523800520892e-10
0.22727027027027027,4.250371036574642e-10
0.22756956956956956,4.215559490025611e-10
0.22786886886886887,4.181084852796467e-10
0.22816816816816818,4.146943492267831e-10
0.22846746746746746,4.1131317563046846e-10
0.22876676676676677,4.079645747742319e-10
0.22906606606606605,4.04648193587636e-10
0.22936536536536536,4.013636925527704e-10
0.22966466466466467,3.9811068900047833e-10
0.22996396396396396,3.9488884270811805e-10
0.23026326326326327,3.9169780640573373e-10
0.23056256256256255,3.8853723808175006e-10
0.23086186186186186,3.8540679724247476e-10
0.23116116116116117,3.8230612583014037e-10
0.23146046046046045,3.792349487284456e-10
0.23175975975975976,3.7619290516911763e-10
0.23205905905905905,3.731796798119545e-10
0.23235835835835836,3.701949301032799e-10
0.23265765765765767,3.6723839090145247e-10
0.23295695695695695,3.643097407947382e-10
0.23325625625625626,3.6140863430211487e-10
0.23355555555555554,3.5853480324617507e-10
0.23385485485485485,3.556879584701994e-10
0.23415415415415416,3.527952652238042e-10
0.23445345345345345,3.500566043090035e-10
0.23475275275275276,3.4728896516379726e-10
0.23505205205205204,3.4454713366237344e-10
0.23535135135135135,3.418308798996614e-10
0.23565065065065066,3.391398503173326e-10
0.23594994994994994,3.3647382720759095e-10
0.23624924924924925,3.338324879118698e-10
0.23654854854854854,3.31215619709703e-10
0.23684784784784785,3.286229381064404e-10
0.23714714714714716,3.2605416017952513e-10
0.23744644644644644,3.235090803642253e-10
0.23774574574574575,3.2098737231568697e-10
0.23804504504504503,3.18488854809517e-10
0.23834434434434434,3.160132208538703e-10
0.23864364364364365,3.1356029329011187e-10
0.23894294294294294,3.111297653974471e-10
0.23924224224224225,3.087214381705672e-10
0.23954154154154153,3.063350556835494e-10
0.23984084084084084,3.039703813634796e-10
0.24014014014014015,3.0162721615083904e-10
0.24043943943943943,2.99305314690676e-10
0.24073873873873874,2.970044273996504e-10
0.24103803803803803,2.9472435689875676e-10
0.24133733733733734,2.9246488201075185e-10
0.24163663663663665,2.902257951651298e-10
0.24193593593593593,2.880068718236206e-10
0.24223523523523524,2.858078716186027e-10
0.24253453453453452,2.836286544169453e-10
0.24283383383383383,2.81468953559124e-10
0.24313313313313314,2.7932856640775286e-10
0.24343243243243243,2.7720732095415715e-10
0.24373173173173174,2.7510501277201727e-10
0.24403103103103102,2.7302144274760423e-10
0.24433033033033033,2.709563894868344e-10
0.24462962962962964,2.689097061345236e-10
0.24492892892892892,2.66881165767157e-10
0.24522822822822823,2.648705822814318e-10
0.24552752752752752,2.6287781012320627e-10
0.24582682682682683,2.6090261992951086e-10
0.24612612612612614,2.5894486446569054e-10
0.24642542542542542,2.5700433350494406e-10
0.24672472472472473,2.550808634411636e-10
0.247024024024024,2.5317426264161516e-10
0.24732332332332332,2.5128441607244825e-10
0.24762262262262263,2.4941109344912143e-10
0.24792192192192192,2.4755416125213717e-10
0.24822122122122123,2.45713422617486e-10
0.2485205205205205,2.4388871163513043e-10
0.24881981981981982,2.420799148704182e-10
0.24911911911911913,2.4028681128163143e-10
0.2494184184184184,2.385092888977907e-10
0.24971771771771772,2.3674715288776564e-10
0.250017017017017,2.350002771588436e-10
0.2503163163163163,2.3326849043418633e-10
0.25061561561561563,2.3155164114233018e-10
0.2509149149149149,2.2984958202151504e-10
0.2512142142142142,2.2816216578287578e-10
0.25151351351351353,2.2648925459721123e-10
0.2518128128128128,2.2483068222922328e-10
0.2521121121121121,2.2318633345532607e-10
0.25241141141141143,2.2155603539948318e-10
0.2527107107107107,2.1993967438309683e-10
0.25301001001001,2.183370889413585e-10
0.2533093093093093,2.1674816455541368e-10
0.2536086086086086,2.1517274954537847e-10
0.2539079079079079,2.1361071470145897e-10
0.2542072072072072,2.120619342290981e-10
0.2545065065065065,2.1052628265899945e-10
0.2548058058058058,2.0900360139949024e-10
0.2551051051051051,2.0749378354823628e-10
0.25540440440440443,2.0599670230779348e-10
0.2557037037037037,2.0451223771119145e-10
0.256003003003003,2.0304025588656696e-10
0.2563023023023023,2.015806320151449e-10
0.2566016016016016,2.0013325119860002e-10
0.2569009009009009,1.9869799349706702e-10
0.2572002002002002,1.9727474485247733e-10
0.2574994994994995,1.9586338410523818e-10
0.2577987987987988,1.9446379676360016e-10
0.2580980980980981,1.930758600687723e-10
0.2583973973973974,1.9169947812307242e-10
0.2586966966966967,1.903345284929702e-10
0.258995995995996,1.8898089874670038e-10
0.25929529529529527,1.8763849003212985e-10
0.2595945945945946,1.863071774220633e-10
0.2598938938938939,1.8498686721432796e-10
0.2601931931931932,1.8367745876785718e-10
0.2604924924924925,1.8237883230541596e-10
0.2607917917917918,1.810908964558662e-10
0.2610910910910911,1.7981353751350508e-10
0.2613903903903904,1.7854666651954433e-10
0.2616896896896897,1.7729017193668546e-10
0.261988988988989,1.760439753771114e-10
0.26228828828828826,1.7480795413624128e-10
0.2625875875875876,1.7358202454077244e-10
0.2628868868868869,1.7236608611226854e-10
0.26318618618618617,1.7116004764222183e-10
0.2634854854854855,1.6996381683792236e-10
0.2637847847847848,1.687772987503649e-10
0.26408408408408407,1.676004017915709e-10
0.2643833833833834,1.6643303383146076e-10
0.2646826826826827,1.6527511583169611e-10
0.264981981981982,1.6412654587727275e-10
0.26528128128128126,1.6298723029312297e-10
0.2655805805805806,1.618570966816467e-10
0.2658798798798799,1.6073606950105755e-10
0.26617917917917916,1.5962403615695994e-10
0.2664784784784785,1.5852093357589248e-10
0.2667777777777778,1.574266680556824e-10
0.26707707707707706,1.5634116156087834e-10
0.2673763763763764,1.5526433353525888e-10
0.2676756756756757,1.5419609775764627e-10
0.26797497497497497,1.531363872514513e-10
0.26827427427427425,1.5208510899212754e-10
0.2685735735735736,1.5104219039233958e-10
0.26887287287287287,1.5000755647950718e-10
0.26917217217217215,1.4898113244368044e-10
0.2694714714714715,1.4796283759311267e-10
0.2697707707707708,1.4695260909828797e-10
0.27007007007007006,1.459503460741942e-10
0.2703693693693694,1.449560088661369e-10
0.2706686686686687,1.4396950020762866e-10
0.27096796796796796,1.4299076548198505e-10
0.27126726726726724,1.4201972344180577e-10
0.2715665665665666,1.4105630827601894e-10
0.27186586586586586,1.4010044212535606e-10
0.27216516516516515,1.3915207021050237e-10
0.2724644644644645,1.38211118494002e-10
0.27276376376376377,1.3727751628587331e-10
0.27306306306306305,1.3635120422604737e-10
0.2733623623623624,1.3543210636616197e-10
0.27366166166166167,1.3452017016306935e-10
0.27396096096096095,1.3361531545357137e-10
0.27426026026026024,1.3271750220350282e-10
0.2745595595595596,1.3182664074934403e-10
0.27485885885885886,1.3094267696230153e-10
0.27515815815815814,1.3006556428944455e-10
0.2754574574574575,1.2919522531873798e-10
0.27575675675675676,1.2833160448482046e-10
0.27605605605605604,1.2747464180420682e-10
0.2763553553553554,1.266242804647032e-10
0.27665465465465466,1.257804601169062e-10
0.27695395395395395,1.2494311325567803e-10
0.27725325325325323,1.2411220029408688e-10
0.27755255255255257,1.2328765201937656e-10
0.27785185185185185,1.22469410250548e-10
0.27815115115115113,1.216574331780549e-10
0.27845045045045047,1.20851645056823e-10
0.27874974974974975,1.2005201550208643e-10
0.27904904904904904,1.1925845453861737e-10
0.2793483483483484,1.184709497116434e-10
0.27964764764764766,1.1768943069710106e-10
0.27994694694694694,1.1691384037108843e-10
0.2802462462462462,1.1614413274988085e-10
0.28054554554554556,1.1538024615592724e-10
0.28084484484484484,1.1462214491897611e-10
0.2811441441441441,1.138697661146439e-10
0.28144344344344346,1.13123071524804e-10
0.28174274274274275,1.1238200975827346e-10
0.28204204204204203,1.1164650924415636e-10
0.28234134134134137,1.109165530146887e-10
0.28264064064064065,1.101920722636901e-10
0.28293993993993993,1.0947304008939417e-10
0.2832392392392392,1.0875939089756946e-10
0.28353853853853855,1.0805107774226191e-10
0.28383783783783784,1.0734806547499235e-10
0.2841371371371371,1.0665030257582878e-10
0.28443643643643646,1.0595774377255424e-10
0.28473573573573574,1.0527034801456397e-10
0.285035035035035,1.0458807411572795e-10
0.28533433433433436,1.0391086568398069e-10
0.28563363363363364,1.0323869089798841e-10
0.2859329329329329,1.0257148791756971e-10
0.2862322322322322,1.01909254079653e-10
0.28653153153153155,1.0125190176037396e-10
0.28683083083083083,1.0059941523880107e-10
0.2871301301301301,9.995174864640619e-11
0.28742942942942945,9.93088594350303e-11
0.28772872872872873,9.867070639143832e-11
0.288028028028028,9.803724689970861e-11
0.28832732732732735,9.740844476781741e-11
0.28862662662662664,9.67842647591941e-11
0.2889259259259259,9.616466367515838e-11
0.2892252252252252,9.554960295199422e-11
0.28952452452452454,9.493904035325074e-11
0.2898238238238238,9.433294560935853e-11
0.2901231231231231,9.373127777135681e-11
0.29042242242242244,9.313399284096614e-11
0.2907217217217217,9.254107061814482e-11
0.291021021021021,9.195246150064344e-11
0.29132032032032035,9.136812886275736e-11
0.29161961961961963,9.078804461348593e-11
0.2919189189189189,9.021217040256543e-11
0.2922182182182182,8.964046673115545e-11
0.29251751751751753,8.907290250637057e-11
0.2928168168168168,8.850945018947561e-11
0.2931161161161161,8.795005434724637e-11
0.29341541541541544,8.739471345502355e-11
0.2937147147147147,8.684336358892467e-11
0.294014014014014,8.629599263976673e-11
0.29431331331331334,8.575255682949888e-11
0.2946126126126126,8.521302404201989e-11
0.2949119119119119,8.467736813789302e-11
0.2952112112112112,8.414555053307344e-11
0.2955105105105105,8.361754469340705e-11
0.2958098098098098,8.309332059835213e-11
0.2961091091091091,8.257283981632981e-11
0.29640840840840843,8.20560774411833e-11
0.2967077077077077,8.154300663721476e-11
0.297007007007007,8.103358595571396e-11
0.29730630630630633,8.052779305703394e-11
0.2976056056056056,8.002559834838463e-11
0.2979049049049049,7.952697450871831e-11
0.2982042042042042,7.903188967858473e-11
0.2985035035035035,7.854030454549076e-11
0.2988028028028028,7.805220972939352e-11
0.2991021021021021,7.756756992024232e-11
0.2994014014014014,7.708634852432299e-11
0.2997007007007007,7.660853320603798e-11
0.3,7.613408022020396e-11
