T,dphi
0.001,2.0587857084509916e-17
0.0012992992992992994,3.166546617409739e-14
0.0015985985985985985,4.592597847376486e-14
0.001897897897897898,6.178835691987407e-14
0.002197197197197197,7.87080739017815e-14
0.0024964964964964967,9.609845726103653e-14
0.002795795795795796,1.1332723073089216e-13
0.003095095095095095,1.2971402695492764e-13
0.0033943943943943945,1.4452911982283355e-13
0.0036936936936936937,1.5699308242791982e-13
0.003992992992992993,1.6627853711659405e-13
0.0042922922922922924,1.714993907054536e-13
0.004591591591591592,1.717286904652092e-13
0.004890890890890891,1.6597607499189846e-13
0.00519019019019019,1.5319362191059527e-13
0.00548948948948949,1.3226942831858185e-13
0.005788788788788789,1.0202300938474181e-13
0.006088088088088088,6.120085555587275e-14
0.006387387387387387,8.47221772074067e-15
0.0066866866866866865,5.75740931980321e-14
0.006985985985985986,1.3843223929599564e-13
0.007285285285285286,2.356808384180466e-13
0.007584584584584585,3.5098351811797585e-13
0.007883883883883884,4.860885723983663e-13
0.008183183183183184,6.428274876615068e-13
0.008482482482482482,8.231124988075807e-13
0.008781781781781782,1.0289340616883517e-12
0.00908108108108108,1.2623565950725375e-12
0.00938038038038038,1.5255151022549002e-12
0.009679679679679679,1.820609987638125e-12
0.009978978978978979,2.149902598798419e-12
0.010278278278278279,2.515709998174645e-12
0.010577577577577577,2.920400655482267e-12
0.010876876876876877,3.3663891901798476e-12
0.011176176176176176,3.856132284958593e-12
0.011475475475475476,4.392124370533005e-12
0.011774774774774776,4.976894101983817e-12
0.012074074074074074,5.6130011383387335e-12
0.012373373373373374,6.303034191855548e-12
0.012672672672672672,7.049608181991442e-12
0.012971971971971972,7.855364348058368e-12
0.01327127127127127,8.722969341203729e-12
0.01357057057057057,9.655115529342239e-12
0.01386986986986987,1.0654522627694346e-11
0.014169169169169169,1.172393915991807e-11
0.014468468468468469,1.2866146246887371e-11
0.014767767767767767,1.4083959526915843e-11
0.015067067067067067,1.538023520187789e-11
0.015366366366366367,1.675787357526535e-11
0.015665665665665667,1.8219825289738116e-11
0.015964964964964964,1.976909807458859e-11
0.016264264264264264,2.1408762620762217e-11
0.016563563563563564,2.3141961129113974e-11
0.016862862862862864,2.497191627709916e-11
0.017162162162162164,2.6901935640285374e-11
0.01746146146146146,2.8935428184084008e-11
0.01776076076076076,3.1075907745055646e-11
0.01806006006006006,3.3327006273423175e-11
0.01835935935935936,3.5692485332391066e-11
0.018658658658658657,3.817624557644406e-11
0.018957957957957957,4.0782341308455406e-11
0.019257257257257257,4.3514990520415395e-11
0.019556556556556557,4.637859056015278e-11
0.019855855855855857,4.937773149751466e-11
0.020155155155155154,5.251720966672926e-11
0.020454454454454454,5.5802044886585746e-11
0.020753753753753754,5.923749694369536e-11
0.021053053053053054,6.282907996155835e-11
0.021352352352352354,6.658258367464348e-11
0.02165165165165165,7.05040915752219e-11
0.02195095095095095,7.4599999524375e-11
0.02225025025025025,7.887704170508403e-11
0.02254954954954955,8.33423098092203e-11
0.02284884884884885,8.800327850274378e-11
0.023148148148148147,9.286783091800666e-11
0.023447447447447447,9.794429162027565e-11
0.023746746746746747,1.0324144789875217e-10
0.024046046046046047,1.0876859135927814e-10
0.024345345345345347,1.1453554604244176e-10
0.024644644644644643,1.2055270654683634e-10
0.024943943943943944,1.268310829997336e-10
0.025243243243243244,1.3338234066095607e-10
0.025542542542542544,1.4021884816648573e-10
0.025841841841841844,1.4735372904500776e-10
0.02614114114114114,1.5480091399000789e-10
0.02644044044044044,1.6257520966256453e-10
0.02673973973973974,1.706923564759365e-10
0.02703903903903904,1.7916910544178016e-10
0.027338338338338337,2.9796586205332876e-15
0.027637637637637637,3.2057554310779834e-15
0.027936936936936937,3.513350363675699e-15
0.028236236236236237,3.8508557237068586e-15
0.028535535535535537,4.221388592417358e-15
0.028834834834834833,4.628533613239977e-15
0.029134134134134133,5.07620746652282e-15
0.029433433433433433,5.5688079473280305e-15
0.029732732732732733,6.111342714439777e-15
0.030032032032032033,6.7094563954185615e-15
0.03033133133133133,7.369410257810488e-15
0.03063063063063063,8.098332930899649e-15
0.03092992992992993,8.904308497134639e-15
0.03122922922922923,9.796545898718007e-15
0.03152852852852853,1.0785439923978457e-14
0.03182782782782783,1.1882821929123238e-14
0.03212712712712713,1.3102257993835575e-14
0.03242642642642642,1.4459245432918433e-14
0.03272572572572573,1.5971551609473417e-14
0.03302502502502502,1.765957985313399e-14
0.03332432432432433,1.954690478488813e-14
0.03362362362362362,2.1660780536846697e-14
0.03392292292292292,2.4032730287174703e-14
0.03422222222222222,2.6699555923364454e-14
0.03452152152152152,2.970406987870197e-14
0.03482082082082082,3.309640972740113e-14
0.03512012012012012,3.693562383028093e-14
0.035419419419419416,4.129114856022548e-14
0.03571871871871872,4.624534262476221e-14
0.036018018018018017,5.1895973954795005e-14
0.03631731731731732,5.836008217484367e-14
0.03661661661661662,6.577778686317481e-14
0.03691591591591591,7.431823711122332e-14
0.03721521521521522,8.418644199727904e-14
0.03751451451451451,9.563229656957273e-14
0.03781381381381382,1.0896226412468457e-13
0.03811311311311311,1.2455467701070339e-13
0.03841241241241241,1.428796994997275e-13
0.03871171171171171,1.6452597205625363e-13
0.03901101101101101,1.9023666105941195e-13
0.03931031031031031,2.209576244844788e-13
0.03960960960960961,2.5790419875670184e-13
0.039908908908908906,3.026543723754979e-13
0.04020820820820821,3.572787410973527e-13
0.040507507507507506,4.2452873898549126e-13
0.04080680680680681,5.08108081976287e-13
0.041106106106106106,6.130777173906851e-13
0.0414054054054054,7.464662704148931e-13
0.041704704704704706,9.182152380018266e-13
0.042004004004004,1.1426781287675325e-12
0.042303303303303307,1.4410663282246258e-12
0.0426026026026026,1.8455698395317827e-12
0.0429019019019019,2.4065597198407243e-12
0.0432012012012012,3.2057254122303327e-12
0.0435005005005005,4.3812609790139234e-12
0.0437997997997998,6.179107234021396e-12
0.0440990990990991,9.06496877344995e-12
0.044398398398398396,1.3991975750227668e-11
0.0446976976976977,2.3117066569908022e-11
0.044996996996996996,4.202930432612058e-11
0.04529629629629629,8.8306871906009e-11
0.045595595595595596,2.3690978161444026e-10
0.04589489489489489,2.254887384667628e-12
0.046194194194194196,1.7049928808366257e-7
0.04649349349349349,1.2960643335429645e-6
0.04679279279279279,2.435989526105301e-6
0.04709209209209209,3.590230078391409e-6
0.04739139139139139,4.758740066156765e-6
0.04769069069069069,5.941474069988943e-6
0.04798998998998999,7.138389409034598e-6
0.048289289289289286,8.34944934978771e-6
0.04858858858858859,9.574596578896594e-6
0.048887887887887886,1.0813800038014034e-5
0.04918718718718719,1.2067005070827321e-5
0.049486486486486486,1.3334172440427515e-5
0.04978578578578578,1.4615278012768102e-5
0.050085085085085086,1.5910259389290105e-5
0.05038438438438438,1.7219072587051562e-5
0.050683683683683686,1.8541682040714824e-5
0.05098298298298298,1.9878045969065524e-5
0.05128228228228228,2.122810866655902e-5
0.05158158158158158,2.25918609282069e-5
0.05188088088088088,2.3969231964146608e-5
0.05218018018018018,2.5360175239317917e-5
0.05247947947947948,2.6764661948220497e-5
0.052778778778778776,2.8182645109076857e-5
0.05307807807807808,2.9614089031608168e-5
0.053377377377377376,3.105894672738633e-5
0.05367667667667668,3.2517151545462106e-5
0.053975975975975976,3.3988704084140424e-5
0.05427527527527527,3.5473520610898905e-5
0.054574574574574576,2.795015118330947e-10
0.05487387387387387,1.2343803274450157e-10
0.055173173173173176,1.256856371908109e-10
0.05547247247247247,1.2821576276817598e-10
0.05577177177177177,1.3075126013362484e-10
0.05607107107107107,1.3329490901889743e-10
0.05637037037037037,1.3584682781887097e-10
0.05666966966966967,1.3840712359851e-10
0.05696896896896897,1.4097590331435886e-10
0.057268268268268266,1.435532246459731e-10
0.05756756756756757,1.4613917899159584e-10
0.057866866866866866,1.487338164955776e-10
0.05816616616616617,1.513371160701861e-10
0.058465465465465466,1.5394915111590843e-10
0.05876476476476476,1.5656988731774582e-10
0.059064064064064066,1.5919926710456292e-10
0.05936336336336336,1.6183734544540987e-10
0.059662662662662666,1.6446355377824212e-10
0.05996196196196196,1.671389205965164e-10
0.06026126126126126,1.6980247308055751e-10
0.06056056056056056,1.7247445312229548e-10
0.06085985985985986,1.7515464664601132e-10
0.061159159159159156,1.7784293243790217e-10
0.06145845845845846,1.8053916413067472e-10
0.061757757757757756,1.832431840813331e-10
0.06205705705705706,1.8597889770094814e-10
0.062356356356356356,1.8867392170092076e-10
0.06265565565565566,1.9140015874302696e-10
0.06295495495495496,1.9413323455296644e-10
0.06325425425425425,1.968729650332103e-10
0.06355355355355355,1.9961912488654712e-10
0.06385285285285286,2.02371370312468e-10
0.06415215215215216,2.0512942418889762e-10
0.06445145145145145,2.0789296255622688e-10
0.06475075075075075,2.106616392287021e-10
0.06505005005005005,2.1343504351054032e-10
0.06534934934934936,2.1621283593804136e-10
0.06564864864864865,2.1899457995720045e-10
0.06594794794794795,2.21779860047535e-10
0.06624724724724725,2.2456824475079046e-10
0.06654654654654654,2.2735922264880207e-10
0.06684584584584585,2.301523171262948e-10
0.06714514514514515,2.329470450627806e-10
0.06744444444444445,2.3574279670295767e-10
0.06774374374374374,2.385390749401299e-10
0.06804304304304304,2.413352370592495e-10
0.06834234234234234,2.441307017111115e-10
0.06864164164164165,2.4692484856944294e-10
0.06894094094094094,2.497169526282511e-10
0.06924024024024024,2.5250638830288247e-10
0.06953953953953954,2.552924220763572e-10
0.06983883883883883,2.5807427305206063e-10
0.07013813813813814,2.6085119291365325e-10
0.07043743743743744,2.6362238065257004e-10
0.07073673673673674,2.663870158530271e-10
0.07103603603603603,2.6914421234237873e-10
0.07133533533533533,2.7189307760539655e-10
0.07163463463463464,2.7463269077496535e-10
0.07193393393393394,2.7736207888805556e-10
0.07223323323323323,2.800802509296714e-10
0.07253253253253253,2.827861820034992e-10
0.07283183183183183,2.8547885073688245e-10
0.07313113113113114,2.881571065202655e-10
0.07343043043043043,2.908197830231614e-10
0.07372972972972973,2.934657467664088e-10
0.07402902902902903,2.96093792605083e-10
0.07432832832832832,2.987026262186304e-10
0.07462762762762763,3.012909926972465e-10
0.07492692692692693,3.038575085989592e-10
0.07522622622622623,3.064008508718574e-10
0.07552552552552552,3.089194774551912e-10
0.07582482482482482,3.114120249647287e-10
0.07612412412412413,3.13876956869151e-10
0.07642342342342343,3.163126542377742e-10
0.07672272272272272,3.1871750258514325e-10
0.07702202202202202,3.2108991301297435e-10
0.07732132132132132,3.2342806048375056e-10
0.07762062062062063,3.2573021049083634e-10
0.07791991991991992,3.2799458515950924e-10
0.07821921921921922,3.3021922197541687e-10
0.07851851851851852,3.324021687241274e-10
0.07881781781781781,3.345414737333102e-10
0.07911711711711712,3.3663509284818927e-10
0.07941641641641642,3.3868086894012217e-10
0.07971571571571572,3.406766049818266e-10
0.08001501501501501,3.4262005602428425e-10
0.08031431431431431,3.4450891705367637e-10
0.08061361361361362,3.4634074210990184e-10
0.08091291291291292,3.481131106031904e-10
0.08121221221221221,3.49823533205354e-10
0.08151151151151151,3.5146934061064394e-10
0.0818108108108108,3.5304789701515876e-10
0.08211011011011012,3.5455640409309125e-10
0.08240940940940941,3.559920031285732e-10
0.08270870870870871,3.573518238047732e-10
0.083008008008008,3.586328903119884e-10
0.0833073073073073,3.598320260462737e-10
0.08360660660660661,3.609461072043296e-10
0.08390590590590591,3.619718435578234e-10
0.0842052052052052,3.6290586735796687e-10
0.0845045045045045,3.637447936171573e-10
0.0848038038038038,3.6448497844031313e-10
0.08510310310310311,3.651227651387673e-10
0.0854024024024024,3.65654522177343e-10
0.0857017017017017,3.6607626272781163e-10
0.086001001001001,3.663841120684491e-10
0.0863003003003003,3.6657392648697246e-10
0.0865995995995996,3.6664150838625065e-10
0.0868988988988989,3.6658265290499814e-10
0.0871981981981982,3.6639287079569954e-10
0.0874974974974975,3.660676290090717e-10
0.08779679679679679,3.6560224455067097e-10
0.0880960960960961,3.649919957200362e-10
0.0883953953953954,3.642319168712174e-10
0.0886946946946947,3.633169900997199e-10
0.08899399399399399,3.622420033204399e-10
0.08929329329329329,3.6100167549301537e-10
0.0895925925925926,3.595904456360835e-10
0.0898918918918919,3.580028195551352e-10
0.09019119119119119,3.5623303254721933e-10
0.09049049049049049,3.542750873480188e-10
0.09078978978978978,3.521229321578473e-10
0.0910890890890891,3.497704827593734e-10
0.09138838838838839,3.472112099786942e-10
0.09168768768768769,3.4443865099507975e-10
0.09198698698698698,3.4144608711608737e-10
0.09228628628628628,3.3822657240049903e-10
0.09258558558558559,3.3477316882177255e-10
0.09288488488488489,3.310784017817106e-10
0.09318418418418419,3.2713500343947016e-10
0.09348348348348348,3.2293544314360156e-10
0.09378278278278278,3.184717874615481e-10
0.09408208208208209,3.137358711583285e-10
0.09438138138138139,3.0871998284599106e-10
0.09468068068068068,3.034151527031223e-10
0.09497997997997998,2.9781316410355807e-10
0.09527927927927927,2.9190500201465436e-10
0.09557857857857859,2.8568156531811467e-10
0.09587787787787788,2.791338733505039e-10
0.09617717717717718,2.722520368869663e-10
0.09647647647647647,2.650267665917083e-10
0.09677577577577577,2.574479284270237e-10
0.09707507507507508,2.4950519449985775e-10
0.09737437437437438,2.4118832050914335e-10
0.09767367367367367,2.3248654249571205e-10
0.09797297297297297,2.2338896401088992e-10
0.09827227227227227,2.1388447165714836e-10
0.09857157157157158,2.0396146967541218e-10
0.09887087087087088,1.9360832305848757e-10
0.09917017017017017,1.8281309658359918e-10
0.09946946946946947,1.7156346720885451e-10
0.09976876876876876,1.5984709779773287e-10
0.10006806806806806,1.4765093520659883e-10
0.10036736736736737,1.3496210420939347e-10
0.10066666666666667,1.2176708588922808e-10
0.10096596596596596,1.080520814966332e-10
0.10126526526526526,9.380350001527565e-11
0.10156456456456456,7.900685140838082e-11
0.10186386386386387,6.364752648535532e-11
0.10216316316316316,4.7710582880278185e-11
0.10246246246246246,3.1181056434764765e-11
0.10276176176176176,1.4043171139843658e-11
0.10306106106106105,3.71863022145813e-12
0.10336036036036036,2.2120771577330278e-11
0.10365965965965966,4.1179639125726863e-11
0.10395895895895896,6.091213731324041e-11
0.10425825825825825,8.13351985588795e-11
0.10455755755755755,1.024666441105937e-10
0.10485685685685686,1.243240111553634e-10
0.10515615615615616,1.469256118678819e-10
0.10545545545545545,1.7028985881996361e-10
0.10575475475475475,1.9443559349380246e-10
0.10605405405405405,2.1938235819987661e-10
0.10635335335335336,2.45149153147578e-10
0.10665265265265265,2.7175635678410026e-10
0.10695195195195195,2.9922403769165606e-10
0.10725125125125125,3.275728100229913e-10
0.10755055055055054,3.568234377675922e-10
0.10784984984984985,3.8699744147122073e-10
0.10814914914914915,4.181164253800468e-10
0.10844844844844845,4.502023760299262e-10
0.10874774774774774,4.832774456228067e-10
0.10904704704704704,5.173646389772246e-10
0.10934634634634635,5.524866291458513e-10
0.10964564564564565,5.886671668783178e-10
0.10994494494494494,6.259294571368812e-10
0.11024424424424424,6.642978393929522e-10
0.11054354354354354,7.037966205918761e-10
0.11084284284284285,7.444502995827829e-10
0.11114214214214214,7.862841521540792e-10
0.11144144144144144,8.293230045839511e-10
0.11174074074074074,8.735928317543662e-10
0.11204004004004003,9.191191698790929e-10
0.11233933933933934,9.659283032713989e-10
0.11263863863863864,1.0140465806461607e-9
0.11293793793793794,1.0635005176853896e-9
0.11323723723723723,1.1143173233099657e-9
0.11353653653653653,1.1665238937568628e-9
0.11383583583583584,1.2201475608954876e-9
0.11413513513513514,1.2752159994199735e-9
0.11443443443443443,1.3317565997466446e-9
0.11473373373373373,1.389797667141618e-9
0.11503303303303303,1.4493670148600646e-9
0.11533233233233234,1.5104929286524627e-9
0.11563163163163163,1.5732034080399165e-9
0.11593093093093093,1.637527146432921e-9
0.11623023023023023,1.7034925367011289e-9
0.11652952952952952,1.7711279151188392e-9
0.11682882882882883,1.8404618712299786e-9
0.11712812812812813,1.911522717022718e-9
0.11742742742742743,1.9843390903964003e-9
0.11772672672672672,2.0589392283124064e-9
0.11802602602602602,2.135351591294604e-9
0.11832532532532533,2.2136044056791926e-9
0.11862462462462463,2.293725263110419e-9
0.11892392392392392,2.3757422095132402e-9
0.11922322322322322,2.4596827534820176e-9
0.11952252252252252,2.545574039536022e-9
0.11982182182182183,2.6334433687533187e-9
0.12012112112112112,2.7233170306513454e-9
0.12042042042042042,2.815221486268324e-9
0.12071971971971972,2.9091823062956518e-9
0.12101901901901901,3.00522508310877e-9
0.12131831831831832,3.103374238795295e-9
0.12161761761761762,3.2036545267750266e-9
0.12191691691691692,3.306088918906755e-9
0.12221621621621621,3.4107005733152035e-9
0.12251551551551551,3.5175117148438656e-9
0.12281481481481482,3.6265423064736624e-9
0.12311411411411412,3.737817336679425e-9
0.12341341341341341,3.851352143452447e-9
0.12371271271271271,3.96716690986669e-9
0.12401201201201201,4.085279410549411e-9
0.12431131131131132,4.2057061127968864e-9
0.12461061061061061,4.328462925107593e-9
0.12490990990990991,4.4535643671170244e-9
0.12520920920920922,4.581023267105286e-9
0.1255085085085085,4.710851603337979e-9
0.12580780780780781,4.8430604600475935e-9
0.1261071071071071,4.977658351907471e-9
0.1264064064064064,5.114653293123231e-9
0.12670570570570572,5.254051017606481e-9
0.127005005005005,5.395856629997892e-9
0.1273043043043043,5.5400727419236545e-9
0.1276036036036036,5.686700354536056e-9
0.1279029029029029,5.835738147493691e-9
0.12820220220220221,5.987186547972215e-9
0.1285015015015015,6.141037923188333e-9
0.1288008008008008,6.297287684581612e-9
0.1291001001001001,6.4559267135781e-9
0.1293993993993994,6.616945334540769e-9
0.1296986986986987,6.780330576074828e-9
0.129997997997998,6.9460681108822475e-9
0.1302972972972973,7.1141405552990755e-9
0.1305965965965966,7.284529001706785e-9
0.1308958958958959,7.457212419618997e-9
0.1311951951951952,7.632166373937668e-9
0.1314944944944945,7.80936487872197e-9
0.1317937937937938,7.98880577792746e-9
0.13209309309309308,8.170378932876449e-9
0.1323923923923924,8.354129854473008e-9
0.1326916916916917,8.53999687481545e-9
0.132990990990991,8.727937518332105e-9
0.1332902902902903,8.91791507372057e-9
0.13358958958958958,9.109883777023986e-9
0.1338888888888889,9.303797439711922e-9
0.1341881881881882,9.49960735963963e-9
0.13448748748748748,9.697261333773549e-9
0.1347867867867868,9.896705707550246e-9
0.13508608608608608,5.607059955226035e-15
0.1353853853853854,5.97243608735365e-15
0.1356846846846847,6.344100592081681e-15
0.13598398398398398,6.729642884617526e-15
0.1362832832832833,7.131448209740654e-15
0.13658258258258257,7.551901812230533e-15
0.13688188188188188,7.98970264948018e-15
0.1371811811811812,8.445718083227582e-15
0.13748048048048048,8.917779709127771e-15
0.1377797797797798,9.41000749543619e-15
0.13807907907907907,9.920666718676863e-15
0.13837837837837838,1.0448673176677303e-14
0.1386776776776777,1.0995544752478992e-14
0.13897697697697697,1.1560197243909442e-14
0.13927627627627628,1.2144365374444632e-14
0.13957557557557557,1.274588073973959e-14
0.13987487487487488,1.3366478063270293e-14
0.1401741741741742,1.400615734503674e-14
0.14047347347347347,1.4664051223300945e-14
0.14077277277277278,1.5337123931979946e-14
0.14107207207207206,1.6030579641501674e-14
0.14137137137137137,1.6741816266652165e-14
0.14167067067067068,1.746996644569343e-14
0.14196996996996997,1.8212428093411503e-14
0.14226926926926928,1.897267065675834e-14
0.14256856856856856,1.9748092050519972e-14
0.14286786786786787,2.0539993317303384e-14
0.14316716716716718,2.1342736605811652e-14
0.14346646646646646,2.2163260809948682e-14
0.14376576576576577,2.299506071667956e-14
0.14406506506506506,2.383943736861127e-14
0.14436436436436437,2.4694656042267837e-14
0.14466366366366368,2.5562451461125235e-14
0.14496296296296296,2.6439787859100505e-14
0.14526226226226227,2.7325364193586665e-14
0.14556156156156155,2.8220047826321704e-14
0.14586086086086086,2.912080299122266e-14
0.14616016016016015,3.002719600742054e-14
0.14645945945945946,3.094009423665334e-14
0.14675875875875877,3.18551608702311e-14
0.14705805805805805,3.277456431249881e-14
0.14735735735735736,3.3693534073897524e-14
0.14765665665665664,3.4614238558772215e-14
0.14795595595595595,3.5534075681908917e-14
0.14825525525525526,3.645174440070065e-14
0.14855455455455455,3.7366811034278413e-14
0.14885385385385386,3.827493877395227e-14
0.14915315315315314,3.918003074754317e-14
0.14945245245245245,4.0077316465492174e-14
0.14975175175175176,4.0965061204323305e-14
0.15005105105105104,4.184413232577455e-14
0.15035035035035035,4.271322878723893e-14
0.15064964964964964,4.3568013780026504e-14
0.15094894894894895,4.441195675108922e-14
0.15124824824824826,4.523985352999915e-14
0.15154754754754754,4.605300515936328e-14
0.15184684684684685,4.684967691570563e-14
0.15214614614614613,4.762770039468123e-14
0.15244544544544544,4.83853408728141e-14
0.15274474474474475,4.912433307358022e-14
0.15304404404404404,4.9842508592634616e-14
0.15334334334334335,5.053726534476333e-14
0.15364264264264263,5.1209904372573334e-14
0.15394194194194194,5.185695622911268e-14
0.15424124124124125,5.248102299959534e-14
0.15454054054054053,5.3078201556200355e-14
0.15483983983983984,5.3648058218058736e-14
0.15513913913913913,5.419059298517048e-14
0.15543843843843844,5.4705805857535594e-14
0.15573773773773775,5.519456419689206e-14
0.15603703703703703,5.564992910933597e-14
0.15633633633633634,5.6075370041819284e-14
0.15663563563563562,5.6473055398686967e-14
0.15693493493493493,5.683951573298707e-14
0.15723423423423424,5.717561840645757e-14
0.15753353353353353,5.748092973822949e-14
0.15783283283283284,5.775154660048187e-14
0.15813213213213212,5.799223948277366e-14
0.15843143143143143,5.819953893815288e-14
0.15873073073073074,5.837734809444051e-14
0.15903003003003002,5.852089646207759e-14
0.15932932932932933,5.863365348801608e-14
0.15962862862862862,5.871388444878001e-14
0.15992792792792793,5.876115566350038e-14
0.16022722722722724,5.877720185565316e-14
0.16052652652652652,5.876158934436937e-14
0.16082582582582583,5.871692021486297e-14
0.1611251251251251,5.8639291339313e-14
0.16142442442442442,5.853130480293345e-14
0.16172372372372373,5.839209324398631e-14
0.16202302302302302,5.822555979029254e-14
0.16232232232232233,5.802866867576917e-14
0.1626216216216216,5.780402198563017e-14
0.16292092092092092,5.754815027292359e-14
0.16322022022022023,5.726929347416032e-14
0.1635195195195195,5.695964533369846e-14
0.16381881881881882,5.6625711064572926e-14
0.1641181181181181,5.626488858156975e-14
0.16441741741741742,5.5879346289033904e-14
0.16471671671671673,5.5469517867834384e-14
0.165016016016016,5.5036270679709176e-14
0.16531531531531532,5.457960472465828e-14
0.1656146146146146,5.410125472615768e-14
0.1659139139139139,5.360122068420736e-14
0.16621321321321322,5.3081237322283314e-14
0.1665125125125125,5.254087095951654e-14
0.16681181181181182,5.198229000025201e-14
0.1671111111111111,5.140549444448972e-14
0.1674104104104104,5.0810484292229674e-14
0.16770970970970972,5.019986162868584e-14
0.168009009009009,4.957362645385821e-14
0.1683083083083083,4.893264612948478e-14
0.1686076076076076,4.827735433643454e-14
0.1689069069069069,4.760948579818347e-14
0.16920620620620622,4.69264384295176e-14
0.1695055055055055,4.6235151124340845e-14
0.1698048048048048,4.5532154435701244e-14
0.1701041041041041,4.48174483635988e-14
0.1704034034034034,4.4096670759330436e-14
0.1707027027027027,4.3365918495075206e-14
0.171002002002002,4.26260589325711e-14
0.1713013013013013,4.1880561518770065e-14
0.1716006006006006,4.112682416845814e-14
0.1718998998998999,4.037178577553924e-14
0.1721991991991992,3.9609808488716425e-14
0.1724984984984985,3.884349439320367e-14
0.1727977977977978,3.807327716986997e-14
0.17309709709709709,3.7300891542191295e-14
0.1733963963963964,3.652763855277463e-14
0.1736956956956957,3.575134979727501e-14
0.173994994994995,3.4974627360906396e-14
0.1742942942942943,3.419703756279979e-14
0.17459359359359358,3.342031512643118e-14
0.1748928928928929,3.264532741353854e-14
0.1751921921921922,3.18703397006459e-14
0.17549149149149149,3.109752039209823e-14
0.1757907907907908,3.032643580702654e-14
0.17609009009009008,2.955838698803781e-14
0.1763893893893894,2.8794241296870027e-14
0.1766886886886887,2.803399873352319e-14
0.17698798798798798,2.7277659297997303e-14
0.1772872872872873,2.652695771376834e-14
0.17758658658658658,2.577755717214636e-14
0.17788588588588589,2.503769760964225e-14
0.1781851851851852,2.430174117495909e-14
0.17848448448448448,2.357402467678682e-14
0.1787837837837838,2.2850211306435497e-14
0.17908308308308307,2.2132903149119088e-14
0.17938238238238238,2.142210020483759e-14
0.1796816816816817,2.072213928228095e-14
0.17998098098098098,2.0026081487545255e-14
0.1802802802802803,1.9338697310189445e-14
0.18057957957957957,1.865781834586855e-14
0.18087887887887888,1.798691404153452e-14
0.1811781781781782,1.7325117035449367e-14
0.18147747747747747,1.6670258923268122e-14
0.18177677677677678,1.602407442846676e-14
0.18207607607607607,1.5385696189307296e-14
0.18237537537537538,1.4757292610134698e-14
0.1826746746746747,1.4137562648341984e-14
0.18297397397397397,1.352824102740513e-14
0.18327327327327328,1.2928026704717155e-14
0.18357257257257256,1.2334751275933087e-14
0.18387187187187187,1.1753618911480856e-14
0.18417117117117118,1.1180292802670522e-14
0.18447047047047047,1.0618242396454036e-14
0.18476976976976978,1.0066600331093412e-14
0.18506906906906906,9.521029797898706e-15
0.18536836836836837,8.987602329035838e-15
0.18566766766766768,8.462848477552853e-15
0.18596696696696696,7.945900881711765e-15
0.18626626626626627,7.442831073678491e-15
0.18656556556556556,6.944965436073147e-15
0.18686486486486487,6.459242862799641e-15
0.18716416416416418,5.983928630381996e-15
0.18746346346346346,5.517288015344235e-15
0.18776276276276277,5.060188379424346e-15
0.18806206206206205,4.610027637408365e-15
0.18836136136136136,4.172009959724221e-15
0.18866066066066067,3.74353326115795e-15
0.18895995995995996,3.3245975417095508e-15
0.18925925925925927,2.9152028013790243e-15
0.18955855855855855,2.5118795932144167e-15
0.18985785785785786,2.1206994493816467e-15
0.19015715715715717,1.730386667286865e-15
0.19045645645645645,1.3643600138557588e-15
0.19075575575575576,9.992007221626409e-16
0.19105505505505505,6.435824095873954e-16
0.19135435435435436,2.914335439641036e-16
0.19165365365365367,4.423544863740858e-17
0.19195295295295295,3.7296554733501353e-16
0.19225225225225226,6.956241138666996e-16
0.19255155155155154,1.0096090630185017e-15
0.19285085085085085,1.3157877565284082e-15
0.19315015015015016,1.6132928326584306e-15
0.19344944944944945,1.904726376622534e-15
0.19374874874874876,2.1848842179927885e-15
0.19404804804804804,2.460705250673101e-15
0.19434734734734735,2.7243832190215755e-15
0.19464664664664666,2.9819896552041314e-15
0.19494594594594594,3.2335245592207684e-15
0.19524524524524525,3.4807226545474634e-15
0.19554454454454454,3.7131756003283556e-15
0.19584384384384385,3.944761184371259e-15
0.19614314314314316,4.166805789296291e-15
0.19644244244244244,4.382778862055403e-15
0.19674174174174175,4.59094567917262e-15
0.19704104104104103,4.7939083258619064e-15
0.19734034034034034,4.990799440385274e-15
0.19763963963963965,5.1790169375287576e-15
0.19793893893893894,5.3637649877202875e-15
0.19823823823823825,5.538104697055957e-15
0.19853753753753753,5.711577044653637e-15
0.19883683683683684,5.875508413133446e-15
0.19913613613613615,6.033368249447335e-15
0.19943543543543543,6.188626000547259e-15
0.19973473473473474,6.3352101342672995e-15
0.20003403403403403,6.48179426798734e-15
0.20033333333333334,6.617102699113531e-15
0.20063263263263265,6.746339598073803e-15
0.20093193193193193,6.873841773558098e-15
0.20123123123123124,6.847820921418446e-15
0.20153053053053052,7.11149888976692e-15
0.20182982982982983,7.225123277443402e-15
0.20212912912912914,7.330074047739998e-15
0.20242842842842843,7.43242273282263e-15
0.20272772772772774,7.531301970953308e-15
0.20302702702702702,7.624977038656056e-15
0.20332632632632633,7.711713212454896e-15
0.20362562562562564,7.795847301039771e-15
0.20392492492492492,7.879114027886658e-15
0.20422422422422423,7.95370713735366e-15
0.20452352352352351,8.03003497029664e-15
0.20482282282282283,8.096821824121747e-15
0.20512212212212214,8.164476039684843e-15
0.20542142142142142,8.223456637868054e-15
0.20572072072072073,8.282437236051265e-15
0.20602002002002,8.336213663806546e-15
0.20631931931931932,8.383918559395909e-15
0.20661861861861863,8.43249081672326e-15
0.20691791791791792,8.474991541884691e-15
0.20721721721721723,8.516624905308134e-15
0.2075165165165165,8.558258268731578e-15
0.20781581581581582,8.592952738251114e-15
0.2081151151151151,8.625045122556685e-15
0.2084144144144144,8.651065974696337e-15
0.20871371371371372,8.68229099726392e-15
0.209013013013013,8.706577125927595e-15
0.20931231231231232,8.729995892853282e-15
0.2096116116116116,8.745608404137073e-15
0.2099109109109109,8.762088277158853e-15
0.21021021021021022,8.773363979752702e-15
0.2105095095095095,8.786374405822528e-15
0.2108088088088088,8.801986917106319e-15
0.2111081081081081,8.806323725796261e-15
0.2114074074074074,8.810660534486203e-15
0.21170670670670672,8.814129981438157e-15
0.212006006006006,8.815864704914134e-15
0.2123053053053053,8.814997343176145e-15
0.2126046046046046,8.811527896224192e-15
0.2129039039039039,8.800252193630342e-15
0.2132032032032032,8.800252193630342e-15
0.2135025025025025,8.79071121451247e-15
0.2138018018018018,8.782037597132586e-15
0.2141011011011011,8.769894532800748e-15
0.2144004004004004,8.753414659778969e-15
0.2146996996996997,8.743873680661096e-15
0.214998998998999,8.724791722425351e-15
0.2152982982982983,8.710046572879548e-15
0.21559759759759758,8.689229891167827e-15
0.2158968968968969,8.66581112424214e-15
0.2161961961961962,8.648463889482372e-15
0.2164954954954955,8.626779846032662e-15
0.2167947947947948,8.599024270417033e-15
0.21709409409409408,8.5790749504433e-15
0.2173933933933934,8.549584651351694e-15
0.2176926926926927,8.518359628784111e-15
0.21799199199199198,8.49147141490647e-15
0.2182912912912913,8.466317924504807e-15
0.21859059059059058,8.433358178461248e-15
0.2188898898898899,8.3995310706797e-15
0.2191891891891892,8.368306048112117e-15
0.21948848848848848,8.3396831107585e-15
0.2197877877877878,8.303253917762987e-15
0.22008708708708707,8.265090001291497e-15
0.22038638638638638,8.234732340461903e-15
0.2206856856856857,8.19830314746639e-15
0.22098498498498498,8.161006592732889e-15
0.2212842842842843,8.1228426762614e-15
0.22158358358358357,8.077739865886002e-15
0.22188288288288288,8.048249566794397e-15
0.2221821821821822,6.654256340388187e-9
0.22248148148148147,6.58601151566629e-9
0.22278078078078078,6.513251473751203e-9
0.22308008008008007,6.440998847993817e-9
0.22337937937937938,6.369218758309203e-9
0.2236786786786787,6.2979083215869425e-9
0.22397797797797797,6.227065881166116e-9
0.22427727727727728,6.1566892573666765e-9
0.22457657657657656,6.08677579345962e-9
0.22487587587587587,6.017324024470971e-9
0.22517517517517519,5.9483313812752625e-9
0.22547447447447447,5.879794809024452e-9
0.22577377377377378,5.8117131792809196e-9
0.22607307307307306,5.744083622812035e-9
0.22637237237237237,5.676903881875195e-9
0.22667167167167168,5.610171704799327e-9
0.22697097097097096,5.543885015120431e-9
0.22727027027027027,5.4780409765656235e-9
0.22756956956956956,5.4126380426289256e-9
0.22786886886886887,5.347673209636639e-9
0.22816816816816818,5.2831439587702755e-9
0.22846746746746746,5.2190486940842384e-9
0.22876676676676677,5.155384463079171e-9
0.22906606606606605,5.092149116432687e-9
0.22936536536536536,5.029340321809073e-9
0.22966466466466467,4.96695543028558e-9
0.22996396396396396,4.904992737496394e-9
0.23026326326326327,4.843449145225387e-9
0.23056256256256255,4.7823227955837155e-9
0.23086186186186186,4.721610910411733e-9
0.23116116116116117,4.661310759254689e-9
0.23146046046046045,4.601421046274146e-9
0.23175975975975976,4.541939172854337e-9
0.23205905905905905,4.482861741539335e-9
0.23235835835835836,4.424187462562235e-9
0.23265765765765767,4.365913297554869e-9
0.23295695695695695,4.308037278473453e-9
0.23325625625625626,4.250556882162693e-9
0.23355555555555554,4.19346969475487e-9
0.23385485485485485,4.136773274626693e-9
0.23415415415415416,4.080463831407366e-9
0.23445345345345345,4.024543564726257e-9
0.23475275275275276,3.969005613752019e-9
0.23505205205205204,3.913849517048207e-9
0.23535135135135135,3.8590720896625186e-9
0.23565065065065066,3.804671503196411e-9
0.23594994994994994,3.750645800881802e-9
0.23624924924924925,3.6969914490869726e-9
0.23654854854854854,3.64370700452199e-9
0.23684784784784785,3.590790097554586e-9
0.23714714714714716,3.5382379370146877e-9
0.23744644644644644,3.486048944303932e-9
0.23774574574574575,3.4342202952925005e-9
0.23804504504504503,3.3827501268873794e-9
0.23834434434434434,3.3316355299572997e-9
0.23864364364364365,3.280874688246782e-9
0.23894294294294294,3.2304653604930955e-9
0.23924224224224225,3.1804050330819233e-9
0.23954154154154153,3.130691724959056e-9
0.23984084084084084,3.0813226779141667e-9
0.24014014014014015,3.0322960271195187e-9
0.24043943943943943,2.983609753356986e-9
0.24073873873873874,2.9352610758648368e-9
0.24103803803803803,2.8872481506320158e-9
0.24133733733733734,2.839568488330335e-9
0.24163663663663665,2.7922205866892646e-9
0.24193593593593593,2.745201318002377e-9
0.24223523523523524,2.6985091522435667e-9
0.24253453453453452,2.6521418672320607e-9
0.24283383383383383,2.60609687822988e-9
0.24313313313313314,2.560372485208018e-9
0.24343243243243243,2.514966210981351e-9
0.24373173173173174,2.4698762167429944e-9
0.24403103103103102,2.4251001987801724e-9
0.24433033033033033,2.380635851645385e-9
0.24462962962962964,2.3364816973542313e-9
0.24492892892892892,2.292634960349149e-9
0.24522822822822823,2.24909407417484e-9
0.24552752752752752,2.205856266743189e-9
0.24582682682682683,2.1629204954853876e-9
0.24612612612612614,2.1202841583162213e-9
0.24642542542542542,2.077944928971509e-9
0.24672472472472473,2.035901324262679e-9
0.247024024024024,1.9941508201670732e-9
0.24732332332332332,1.952691725329303e-9
0.24762262262262263,1.911522230432783e-9
0.24792192192192192,1.870639837475707e-9
0.24822122122122123,1.830043004288906e-9
0.2485205205205205,1.7897293404234293e-9
0.24881981981981982,1.7496973765684931e-9
0.24911911911911913,1.7099449130947297e-9
0.2494184184184184,1.6704699342534601e-9
0.24971771771771772,1.6312708892018968e-9
0.250017017017017,1.5923454811661575e-9
0.2503163163163163,1.5536918019504187e-9
0.25061561561561563,1.5153080786672879e-9
0.2509149149149149,1.477192477714051e-9
0.2512142142142142,1.4393430128323281e-9
0.25151351351351353,1.4017581401182255e-9
0.2518128128128128,1.3644353268754683e-9
0.2521121121121121,1.3273737421715115e-9
0.25241141141141143,1.2905706659599447e-9
0.2527107107107107,1.2540245352549162e-9
0.25301001001001,1.2177340073804555e-9
0.2533093093093093,1.181696813318256e-9
0.2536086086086086,1.1459110865058575e-9
0.2539079079079079,1.1103752865088135e-9
0.2542072072072072,1.0750875901327506e-9
0.2545065065065065,1.0400465818433124e-9
0.2548058058058058,1.0052500134388742e-9
0.2551051051051051,9.706961952987703e-10
0.25540440440440443,9.363837882164772e-10
0.2557037037037037,9.023111424699692e-10
0.256003003003003,8.684759023047661e-10
0.2563023023023023,8.348768516797112e-10
0.2566016016016016,8.015123911797595e-10
0.2569009009009009,7.683803766866948e-10
0.2572002002002002,7.354796615482995e-10
0.2574994994994995,7.028082490978527e-10
0.2577987987987988,6.703653569750667e-10
0.2580980980980981,6.381480396194794e-10
0.2583973973973974,6.061559205960965e-10
0.2586966966966967,5.743864099627682e-10
0.258995995995996,5.42838189329653e-10
0.25929529529529527,5.115105127656561e-10
0.2595945945945946,4.804004694047848e-10
0.2598938938938939,4.495075440341667e-10
0.2601931931931932,4.188295266160935e-10
0.2604924924924925,3.883655775444028e-10
0.2607917917917918,3.581132716756752e-10
0.2610910910910911,3.280719116510733e-10
0.2613903903903904,2.9823941580242597e-10
0.2616896896896897,2.6861473462203023e-10
0.261988988988989,2.3919602236410764e-10
0.26228828828828826,2.0998259901705563e-10
0.2625875875875876,1.8097164565522572e-10
0.2628868868868869,1.5216249441007967e-10
0.26318618618618617,1.2355397954744163e-10
0.2634854854854855,9.514409052280293e-11
0.2637847847847848,6.693173099092675e-11
0.26408408408408407,3.8915072553269425e-11
0.2643833833833834,1.1093697141473235e-11
0.2646826826826827,1.6535427541097825e-11
0.264981981981982,4.3972284147208995e-11
0.26528128128128126,7.121835239598528e-11
0.2655805805805806,9.827598977663055e-11
0.2658798798798799,1.251454981310296e-10
0.26617917917917916,1.5182867983687398e-10
0.2664784784784785,1.783273112510031e-10
0.2667777777777778,2.0464183472790332e-10
0.26707707707707706,2.3077387223402468e-10
0.2673763763763764,2.567246450146943e-10
0.2676756756756757,2.824959363656454e-10
0.26797497497497497,3.0808921386293875e-10
0.26827427427427425,3.3350523211128635e-10
0.2685735735735736,3.587444109137694e-10
0.26887287287287287,3.8380980858787606e-10
0.26917217217217215,4.08701482379481e-10
0.2694714714714715,4.334213803830478e-10
0.2697707707707708,4.579700785267704e-10
0.27007007007007006,4.823491155103721e-10
0.2703693693693694,5.065598062542476e-10
0.2706686686686687,5.306034691482386e-10
0.27096796796796796,5.544807234886262e-10
0.27126726726726724,5.781935711463015e-10
0.2715665665665666,6.017424336590693e-10
0.27186586586586586,6.251289173808683e-10
0.27216516516516515,6.483544014168618e-10
0.2724644644644645,6.714195154716718e-10
0.27276376376376377,6.943255553837346e-10
0.27306306306306305,7.17074068526391e-10
0.2733623623623624,7.396655735819602e-10
0.27366166166166167,7.621017844572364e-10
0.27396096096096095,7.843832250387095e-10
0.27426026026026024,8.06511654335984e-10
0.2745595595595596,8.284878477704538e-10
0.27485885885885886,8.503130630166389e-10
0.27515815815815814,8.719882819280267e-10
0.2754574574574575,8.935143215593744e-10
0.27575675675675676,9.148925297908228e-10
0.27605605605605604,9.361237323507465e-10
0.2763553553553554,9.572094263055053e-10
0.27665465465465466,9.781504443223676e-10
0.27695395395395395,9.989476832533706e-10
0.27725325325325323,1.0196024649578028e-9
0.27755255255255257,1.0401154902639487e-9
0.27785185185185185,1.06048832215766e-9
0.27815115115115113,1.0807209988028532e-9
0.27845045045045047,1.1008154873759501e-9
0.27874974974974975,1.1207724141121256e-9
0.27904904904904904,1.1405927955593365e-9
0.2793483483483484,1.1602773984653592e-9
0.27964764764764766,1.1798277251007239e-9
0.27994694694694694,1.1992443461894542e-9
0.2802462462462462,1.2185283389948287e-9
0.28054554554554556,1.2376802482200189e-9
0.28084484484484484,1.2567016698106226e-9
0.2811441441441441,1.2755933045949241e-9
0.28144344344344346,1.2943558880956774e-9
0.28174274274274275,1.3129906831915727e-9
0.28204204204204203,1.3314982415246757e-9
0.28234134134134137,1.3498798034222714e-9
0.28264064064064065,1.3681359621597888e-9
0.28293993993993993,1.3862680395965166e-9
0.2832392392392392,1.4042763896160437e-9
0.28353853853853855,1.4221626081639682e-9
0.28383783783783784,1.4399270317766444e-9
0.2841371371371371,1.457570538224151e-9
0.28443643643643646,1.4750940659918887e-9
0.28473573573573574,1.4924988796932714e-9
0.285035035035035,1.5097852360673736e-9
0.28533433433433436,1.526954344216458e-9
0.28563363363363364,1.5440068043548472e-9
0.2859329329329329,1.5609435896624113e-9
0.2862322322322322,1.5777659335275418e-9
0.28653153153153155,1.594473345023495e-9
0.28683083083083083,1.6110686014425557e-9
0.2871301301301301,1.6275511823676814e-9
0.28742942942942945,1.6439222570024947e-9
0.28772872872872873,1.6601818999401052e-9
0.288028028028028,1.6763318129442428e-9
0.28832732732732735,1.6923727402112787e-9
0.28862662662662664,1.7083050998095706e-9
0.2889259259259259,1.7241302309456419e-9
0.2892252252252252,1.7398482047431552e-9
0.28952452452452454,1.7554597497859703e-9
0.2898238238238238,1.77096643946828e-9
0.2901231231231231,1.7863685686930753e-9
0.29042242242242244,1.8016664705272634e-9
0.2907217217217217,1.8168616333635867e-9
0.291021021021021,1.8319539687311481e-9
0.29132032032032035,1.8469451315561436e-9
0.29161961961961963,1.8618349917343124e-9
0.2919189189189189,1.876624702856766e-9
0.2922182182182182,1.891315482699385e-9
0.29251751751751753,1.9059071959537377e-9
0.2928168168168168,1.9204007759010544e-9
0.2931161161161161,1.9347972841921024e-9
0.29341541541541544,1.9490968249102902e-9
0.2937147147147147,1.9633006470565206e-9
0.294014014014014,1.977408795733604e-9
0.29431331331331334,1.9914228911732668e-9
0.2946126126126126,2.0053424164279132e-9
0.2949119119119119,2.0191691096904663e-9
0.2952112112112112,2.0329031340249326e-9
0.2955105105105105,2.0465452735263234e-9
0.2958098098098098,2.0600961318784083e-9
0.2961091091091091,2.0735559207174514e-9
0.29640840840840843,2.0869262359890506e-9
0.2967077077077077,2.1002074072906662e-9
0.297007007007007,2.113399684422479e-9
0.29730630630630633,2.12650348718757e-9
0.2976056056056056,2.1395201443841216e-9
0.2979049049049049,2.152449891934527e-9
0.2982042042042042,2.1652934167892823e-9
0.2985035035035035,2.1780516626379587e-9
0.2988028028028028,2.1907241819218992e-9
0.2991021021021021,2.203313413662311e-9
0.2994014014014014,2.215818105388845e-9
0.2997007007007007,2.22823934997729e-9
0.3,2.240578809292737e-9
